ID_BASSIN,NOM_BASSIN,NOM_DISTRICT,NUM_DISTRICT,ARRONDISSEMENT,PRE_ARR
2,ÉCOLE JACQUES-BIZARD,Denis-Benjamin-Viger,62,L'Île-Bizard-Sainte-Geneviève,IS
4,RÉSIDENCE VENT DE L'OUEST,Sainte-Geneviève,64,L'Île-Bizard-Sainte-Geneviève,IS
6,MANOIR OUTREMONT,Jeanne-Sauvé,94,Outremont,OM
8,ÉCOLE VINCENT-D'INDY,Robert-Bourassa,93,Outremont,OM
9,CENTRE D'ÉDUCATION DES ADULTES,Joseph-Beaubien,92,Outremont,OM
10,ÉCOLE NOUVELLE-QUERBES,Claude-Ryan,91,Outremont,OM
11,ÉCOLE PAUL-GÉRIN-LAJOIE D'OUTREMONT,Claude-Ryan,91,Outremont,OM
12,CENTRE COMMERCIAL LES GALERIES D'ANJOU PORTE 5,Ouest,21,Anjou,AJ
13,ÉCOLE JACQUES-ROUSSEAU - Salle Polyvalente,Ouest,21,Anjou,AJ
14,ÉCOLE JACQUES-ROUSSEAU - Gymnase,Ouest,21,Anjou,AJ
15,COLLÈGE D'ANJOU,Ouest,21,Anjou,AJ
16,ÉCOLE SAINT-JOSEPH,Est,22,Anjou,AJ
17,ÉCOLE WILFRID PELLETIER ANNEXE,Est,22,Anjou,AJ
18,ÉCOLE CARDINAL-LÉGER,Est,22,Anjou,AJ
19,CENTRE DE SERVICES AUX ENTREPRISES POINTE-DE-L'ÎLE - RÉSEAU D'ÉDUCATION AUX ADULTES,Centre,23,Anjou,AJ
20,ÉCOLE WILFRID-PELLETIER,Centre,23,Anjou,AJ
21,RÉSIDENCE ANJOU,Centre,23,Anjou,AJ
22,ÉCOLE DES ROSERAIES,Centre,23,Anjou,AJ
23,RÉSIDENCE LA SEIGNEURIE D'ANJOU,Centre,23,Anjou,AJ
24,LES TERRASSES VERSAILLES 1 ET 2,Centre,23,Anjou,AJ
26,RÉSIDENCE LASALLE,Sault-Saint-Louis,51,LaSalle,LS
28,RÉSIDENCE LES FLORALIES LASALLE,Sault-Saint-Louis,51,LaSalle,LS
29,RÉSIDENCE LES TOURS ANGRIGNON INC. TOUR C,Sault-Saint-Louis,51,LaSalle,LS
30,COMPLEXE SPORTIF CEGEP ANDRÉ LAURENDEAU,Sault-Saint-Louis,51,LaSalle,LS
31,TRINITY PENTECOSTAL CHURCH,Sault-Saint-Louis,51,LaSalle,LS
32,CENTRE CULTUREL HENRI-LEMIEUX,Sault-Saint-Louis,51,LaSalle,LS
34,ÉGLISE ST. JOHN BRÉBEUF,Sault-Saint-Louis,51,LaSalle,LS
35,LE DOMAINE DES RAPIDES,Sault-Saint-Louis,51,LaSalle,LS
37,ÉCOLE DES DÉCOUVREURS,Sault-Saint-Louis,51,LaSalle,LS
38,ÉCOLE NOTRE-DAME-DES-RAPIDES,Sault-Saint-Louis,51,LaSalle,LS
39,ÉCOLE PIERRE-RÉMY,Sault-Saint-Louis,51,LaSalle,LS
40,ÉCOLE TERRE-DES-JEUNES,Cecil-P.-Newman,52,LaSalle,LS
41,CHILDREN'S WORLD ACADEMY,Cecil-P.-Newman,52,LaSalle,LS
42,LASALLE ELEMENTERY JR.,Cecil-P.-Newman,52,LaSalle,LS
43,ÉCOLE LAURENDEAU-DUNTON,Cecil-P.-Newman,52,LaSalle,LS
44,LASALLE ELEMENTARY SR.,Cecil-P.-Newman,52,LaSalle,LS
46,CENTRE D'ÉDUCATION DES ADULTES LASALLE (ÉDIFICE CLÉMENT),Cecil-P.-Newman,52,LaSalle,LS
47,ÉCOLE HENRI-FOREST,Cecil-P.-Newman,52,LaSalle,LS
48,ÉCOLE L'EAU-VIVE,Cecil-P.-Newman,52,LaSalle,LS
49,ÉCOLE CAVELIER-DE-LASALLE,Cecil-P.-Newman,52,LaSalle,LS
50,CENTRE SPORTIF DOLLARD-SAINT-LAURENT,Cecil-P.-Newman,52,LaSalle,LS
52,EVOLO S,Champlain-L'Île-des-Soeurs,171,Verdun,VD
53,RÉSIDENCE AMBIANCE ÎLE-DES-SOEURS,Champlain-L'Île-des-Soeurs,171,Verdun,VD
54,ÉCOLE ÎLE-DES-SOEURS,Champlain-L'Île-des-Soeurs,171,Verdun,VD
55,COMPLEXE COMMUNAUTAIRE ELGAR,Champlain-L'Île-des-Soeurs,171,Verdun,VD
56,ÉCOLE PRIMAIRE DES MARGUERITE,Champlain-L'Île-des-Soeurs,171,Verdun,VD
57,RÉSIDENCE SYMPHONIE DE L'ÎLE-DES-SOEURS,Champlain-L'Île-des-Soeurs,171,Verdun,VD
58,CENTRE COMMUNAUTAIRE ELGAR,Champlain-L'Île-des-Soeurs,171,Verdun,VD
59,CENTRE D'HÉBERGEMENT RÉAL-MOREL,Champlain-L'Île-des-Soeurs,171,Verdun,VD
60,ÉCOLE MONSEIGNEUR RICHARD,Champlain-L'Île-des-Soeurs,171,Verdun,VD
61,ÉCOLE NOTRE-DAME-DE-LA-PAIX,Champlain-L'Île-des-Soeurs,171,Verdun,VD
62,ATELIERS MUNICIPAUX,Champlain-L'Île-des-Soeurs,171,Verdun,VD
63,ÉCOLE NOTRE-DAME-DES-SEPT-DOULEURS,Champlain-L'Île-des-Soeurs,171,Verdun,VD
64,RÉSIDENCE FERNANDE-ROCHON de GONGRE,Champlain-L'Île-des-Soeurs,171,Verdun,VD
65,ÉCOLE LÉVIS-SAUVÉ,Desmarchais-Crawford,172,Verdun,VD
66,CENTRE COMMUNAUTAIRE MARCEL-GIROUX,Desmarchais-Crawford,172,Verdun,VD
68,CENTRE CHAMPLAIN,Desmarchais-Crawford,172,Verdun,VD
69,ÉCOLE RIVERVIEW,Desmarchais-Crawford,172,Verdun,VD
70,CENTRE D'HÉBERGEMENT DU MANOIR-DE-VERDUN,Desmarchais-Crawford,172,Verdun,VD
72,INSTITUT UNIVERSITAIRE SANTÉ MENTALE (PAVILLON DOUGLAS),Desmarchais-Crawford,172,Verdun,VD
73,BEURLING ACADEMY,Desmarchais-Crawford,172,Verdun,VD
76,YMCA DU PARC,Mile-End,111,Le Plateau-Mont-Royal,PM
77,RÉSIDENCE SAINT-DOMINIQUE,Mile-End,111,Le Plateau-Mont-Royal,PM
78,ÉCOLE SAINT-ENFANT-JÉSUS,Mile-End,111,Le Plateau-Mont-Royal,PM
79,ÉCOLE ROBERT-GRAVEL,Mile-End,111,Le Plateau-Mont-Royal,PM
80,CENTRE CHAMPAGNAT,Mile-End,111,Le Plateau-Mont-Royal,PM
81,CENTRE DE LOISIRS SAINT-DENIS,Mile-End,111,Le Plateau-Mont-Royal,PM
82,ÉGLISE SAINT-DENIS,Mile-End,111,Le Plateau-Mont-Royal,PM
83,HABITATION DE LANAUDIÈRE,De Lorimier,112,Le Plateau-Mont-Royal,PM
84,CENTRE DU PLATEAU - SOUS-SOL,De Lorimier,112,Le Plateau-Mont-Royal,PM
85,CENTRE DE RÉADAPTATION LUCIE-BRUNEAU,De Lorimier,112,Le Plateau-Mont-Royal,PM
86,HABITATION SAINTE-VÉRONIQUE,De Lorimier,112,Le Plateau-Mont-Royal,PM
87,ÉCOLE PAUL-BRUCHÉSI - ANNEXE,De Lorimier,112,Le Plateau-Mont-Royal,PM
88,ÉCOLE SAINT-LOUIS-DE-GONZAGUE ANNEXE,De Lorimier,112,Le Plateau-Mont-Royal,PM
90,ÉCOLE LANAUDIÈRE,De Lorimier,112,Le Plateau-Mont-Royal,PM
91,ÉCOLE ÉLAN,De Lorimier,112,Le Plateau-Mont-Royal,PM
92,ÉCOLE AU PIED-DE-LA-MONTAGNE (PAVILLON SAINT-JEAN-BAPTISTE),Jeanne-Mance,113,Le Plateau-Mont-Royal,PM
93,MISSION SANTA CRUZ,Jeanne-Mance,113,Le Plateau-Mont-Royal,PM
94,ÉCOLE ESPACE JEUNESSE,Jeanne-Mance,113,Le Plateau-Mont-Royal,PM
95,ÉCOLE AU PIED-DE-LA-MONTAGNE (PAVILLON JEAN-JACQUES-OLIER),Jeanne-Mance,113,Le Plateau-Mont-Royal,PM
96,HIGH SCHOOL OF MONTREAL ADULT CENTRE,Jeanne-Mance,113,Le Plateau-Mont-Royal,PM
98,ÉGLISE NOTRE-DAME-DE-LA-SALETTE,Jeanne-Mance,113,Le Plateau-Mont-Royal,PM
99,ÉCOLE MAPLE GROVE,Fort-Rolland,43,Lachine,LC
100,LAKESIDE ACADEMY,Fort-Rolland,43,Lachine,LC
101,ÉCOLE CATHERINE-SOUMILLARD,Fort-Rolland,43,Lachine,LC
102,ÉCOLE VICTOR-THÉRIEN,Fort-Rolland,43,Lachine,LC
104,RÉSIDENCE FLORALIES LACHINE,J.-Émery-Provost,42,Lachine,LC
105,LÉGION ROYALE CANADIENNE,J.-Émery-Provost,42,Lachine,LC
106,ÉCOLE TRÈS-SAINT-SACREMENT,J.-Émery-Provost,42,Lachine,LC
107,POLYVALENTE DALBÉ-VIAU,J.-Émery-Provost,42,Lachine,LC
108,LES BELVÉDÈRES DE LACHINE,du Canal,41,Lachine,LC
109,ÉCOLE MARTIN-BÉLANGER,du Canal,41,Lachine,LC
110,COLLÈGE SAINTE-ANNE,du Canal,41,Lachine,LC
111,SALLE ALBERT-SIMARD,du Canal,41,Lachine,LC
5,ÉCOLE SAINTE-GENEVIÈVE,Sainte-Geneviève,64,L'Île-Bizard-Sainte-Geneviève,IS
7,CENTRE COMMUNAUTAIRE INTERGÉNÉRATIONNEL,Jeanne-Sauvé,94,Outremont,OM
27,RÉSIDENCE LE CAVALIER,Sault-Saint-Louis,51,LaSalle,LS
36,PEARSON ADULT AND CAREER CENTER,Sault-Saint-Louis,51,LaSalle,LS
45,ÉCOLE SAINTE-CATHERINE-LABOURÉ,Cecil-P.-Newman,52,LaSalle,LS
67,ÉCOLE NOTRE-DAME-DE-LOURDES,Desmarchais-Crawford,172,Verdun,VD
71,CENTRE CULTUREL DE VERDUN,Desmarchais-Crawford,172,Verdun,VD
74,ÉCOLE DE L'ÉTINCELLE,Mile-End,111,Le Plateau-Mont-Royal,PM
75,ÉCOLE LAMBERT-CLOSSE,Mile-End,111,Le Plateau-Mont-Royal,PM
89,ÉCOLE JEANNE-MANCE,De Lorimier,112,Le Plateau-Mont-Royal,PM
97,CENTRE DE LOISIRS MULTIETHNIQUE SAINT-LOUIS,Jeanne-Mance,113,Le Plateau-Mont-Royal,PM
112,CENTRE D'HÉBERGEMENT JEAN-DE LA LANDE,De Lorimier,112,Le Plateau-Mont-Royal,PM
113,RÉSIDENCE PORTOFINO,Marie-Clarac,81,Montréal-Nord,MN
114,RÉSIDENCE LES CASCADES,Marie-Clarac,81,Montréal-Nord,MN
115,ÉCOLE RENÉ-GUÉNETTE,Marie-Clarac,81,Montréal-Nord,MN
116,ÉCOLE AMOS,Marie-Clarac,81,Montréal-Nord,MN
117,ÉCOLE SAINT-RÉMI,Marie-Clarac,81,Montréal-Nord,MN
118,ÉCOLE SAINT-RÉMI ANNEXE,Marie-Clarac,81,Montréal-Nord,MN
119,ÉCOLE SAINTE-GERTRUDE,Marie-Clarac,81,Montréal-Nord,MN
120,CENTRE DE FORMATION CALIXA-LAVALLÉE,Marie-Clarac,81,Montréal-Nord,MN
121,ÉCOLE SAINT-VINCENT-MARIE,Marie-Clarac,81,Montréal-Nord,MN
122,ÉCOLE DE LA FRATERNITÉ,Marie-Clarac,81,Montréal-Nord,MN
123,ÉCOLE PIERRE-DE-COUBERTIN,Marie-Clarac,81,Montréal-Nord,MN
124,RÉSIDENCE LES TOURS GOUIN PHASE II,Ovide-Clermont,82,Montréal-Nord,MN
125,COMPLEXE GOUIN-LANGELIER 1 ET 2,Ovide-Clermont,82,Montréal-Nord,MN
126,ÉCOLE ADÉLARD-DESROSIERS,Ovide-Clermont,82,Montréal-Nord,MN
127,ÉCOLE SAINTE-COLETTE,Ovide-Clermont,82,Montréal-Nord,MN
128,ÉCOLE SAINTE-COLETTE - ANNEXE,Ovide-Clermont,82,Montréal-Nord,MN
129,CENTRE DE LOISIRS DE MONTRÉAL-NORD,Ovide-Clermont,82,Montréal-Nord,MN
130,ÉCOLE LE CARIGNAN,Ovide-Clermont,82,Montréal-Nord,MN
131,ÉCOLE HENRI-BOURASSA,Ovide-Clermont,82,Montréal-Nord,MN
132,ÉCOLE JULES-VERNE,Ovide-Clermont,82,Montréal-Nord,MN
134,ÉCOLE EAST HILL,La Pointe-aux-Prairies,121,Rivière-des-Prairies-Pointe-aux-Trembles,RP
135,ÉCOLE SIMONE-DESJARDINS ANNEXE (PAVILLON GOUIN),La Pointe-aux-Prairies,121,Rivière-des-Prairies-Pointe-aux-Trembles,RP
136,ÉCOLE SIMONE-DESJARDINS (PAVILLON PERRAS),La Pointe-aux-Prairies,121,Rivière-des-Prairies-Pointe-aux-Trembles,RP
137,RÉSIDENCE RIVIÈRE-DES-PRAIRIES,La Pointe-aux-Prairies,121,Rivière-des-Prairies-Pointe-aux-Trembles,RP
138,RÉSIDENCE LIONEL-BOURDON,La Pointe-aux-Prairies,121,Rivière-des-Prairies-Pointe-aux-Trembles,RP
139,ÉCOLE JEAN-GROU,La Pointe-aux-Prairies,121,Rivière-des-Prairies-Pointe-aux-Trembles,RP
140,ÉCOLE MICHELANGELO,La Pointe-aux-Prairies,121,Rivière-des-Prairies-Pointe-aux-Trembles,RP
141,CENTRE COMMUNAUTAIRE LE MAINBOURG,La Pointe-aux-Prairies,121,Rivière-des-Prairies-Pointe-aux-Trembles,RP
142,ÉCOLE NOTRE-DAME,La Pointe-aux-Prairies,121,Rivière-des-Prairies-Pointe-aux-Trembles,RP
143,ÉCOLE MONTMARTRE,La Pointe-aux-Prairies,121,Rivière-des-Prairies-Pointe-aux-Trembles,RP
144,POLYVALENTE POINTE-AUX-TREMBLES,La Pointe-aux-Prairies,121,Rivière-des-Prairies-Pointe-aux-Trembles,RP
145,ÉCOLE SAINTE-MARIA-GORETTI,La Pointe-aux-Prairies,121,Rivière-des-Prairies-Pointe-aux-Trembles,RP
146,CENTRE COMMUNAUTAIRE SAINTE-MARIA-GORETTI,La Pointe-aux-Prairies,121,Rivière-des-Prairies-Pointe-aux-Trembles,RP
147,RÉSIDENCE NORMA MCALISTER,Bois-de-Liesse,101,Pierrefonds-Roxboro,PR
148,ÉCOLE JEANNE-SAUVÉ,Bois-de-Liesse,101,Pierrefonds-Roxboro,PR
149,PIERREFONDS COMPREHENSIVE HIGH SCHOOL,Bois-de-Liesse,101,Pierrefonds-Roxboro,PR
150,RIVERDALE HIGH SCHOOL,Bois-de-Liesse,101,Pierrefonds-Roxboro,PR
151,ÉCOLE SOCRATES III,Bois-de-Liesse,101,Pierrefonds-Roxboro,PR
152,ÉCOLE LALANDE,Bois-de-Liesse,101,Pierrefonds-Roxboro,PR
153,ÉCOLE PERCE-NEIGE,Bois-de-Liesse,101,Pierrefonds-Roxboro,PR
154,ÉCOLE HARFANG-DES-NEIGES,Bois-de-Liesse,101,Pierrefonds-Roxboro,PR
155,COLLÈGE CHARLEMAGNE,Cap-Saint-Jacques,102,Pierrefonds-Roxboro,PR
156,CENTRE COMMUNAUTAIRE DE L'OUEST,Cap-Saint-Jacques,102,Pierrefonds-Roxboro,PR
157,ÉCOLE ST.ANTHONY,Cap-Saint-Jacques,102,Pierrefonds-Roxboro,PR
158,ÉCOLE ST. CHARLES,Cap-Saint-Jacques,102,Pierrefonds-Roxboro,PR
160,MANOIR ROGER BERNARD,Cap-Saint-Jacques,102,Pierrefonds-Roxboro,PR
161,KINGSDALE  ACADEMY,Cap-Saint-Jacques,102,Pierrefonds-Roxboro,PR
162,ÉCOLE SAINT-GÉRARD,Cap-Saint-Jacques,102,Pierrefonds-Roxboro,PR
163,LES RÉSIDENCES SOLEIL POINTE-AUX-TREMBLES,Pointe-aux-Trembles,122,Rivière-des-Prairies-Pointe-aux-Trembles,RP
164,ÉCOLE SAINTE-GERMAINE-COUSIN,Pointe-aux-Trembles,122,Rivière-des-Prairies-Pointe-aux-Trembles,RP
165,HABITATIONS SÉGUIN,Pointe-aux-Trembles,122,Rivière-des-Prairies-Pointe-aux-Trembles,RP
166,MANOIR POINTE-AUX-TREMBLES,Pointe-aux-Trembles,122,Rivière-des-Prairies-Pointe-aux-Trembles,RP
167,DOMAINE BONNEVILLE,Pointe-aux-Trembles,122,Rivière-des-Prairies-Pointe-aux-Trembles,RP
168,ÉCOLE FÉLIX-LECLERC,Pointe-aux-Trembles,122,Rivière-des-Prairies-Pointe-aux-Trembles,RP
169,RÉSIDENCE DES TREMBLES,Pointe-aux-Trembles,122,Rivière-des-Prairies-Pointe-aux-Trembles,RP
170,ÉCOLE DANIEL-JOHNSON,Pointe-aux-Trembles,122,Rivière-des-Prairies-Pointe-aux-Trembles,RP
171,ÉCOLE SAINT-MARCEL,Pointe-aux-Trembles,122,Rivière-des-Prairies-Pointe-aux-Trembles,RP
172,ÉCOLE FRANÇOIS-LA BERNARDE,Pointe-aux-Trembles,122,Rivière-des-Prairies-Pointe-aux-Trembles,RP
173,ÉCOLE SAINTE-MARGUERITE-BOURGEOYS,Pointe-aux-Trembles,122,Rivière-des-Prairies-Pointe-aux-Trembles,RP
174,CENTRE COMMUNAUTAIRE ROUSSIN,Pointe-aux-Trembles,122,Rivière-des-Prairies-Pointe-aux-Trembles,RP
175,RÉSIDENCE AU FIL DE L'EAU,Rivière-des-Prairies,123,Rivière-des-Prairies-Pointe-aux-Trembles,RP
176,RÉSIDENCE CITÉ-RIVE,Rivière-des-Prairies,123,Rivière-des-Prairies-Pointe-aux-Trembles,RP
178,CENTRE SPORTIF MARIE-VICTORIN,Rivière-des-Prairies,123,Rivière-des-Prairies-Pointe-aux-Trembles,RP
179,ÉCOLE MARC-AURÈLE-FORTIN,Rivière-des-Prairies,123,Rivière-des-Prairies-Pointe-aux-Trembles,RP
180,HABITATION MARIE-VICTORIN,Rivière-des-Prairies,123,Rivière-des-Prairies-Pointe-aux-Trembles,RP
181,ÉCOLE FERNAND-GAUTHIER,Rivière-des-Prairies,123,Rivière-des-Prairies-Pointe-aux-Trembles,RP
182,ÉCOLE DENISE-PELLETIER,Rivière-des-Prairies,123,Rivière-des-Prairies-Pointe-aux-Trembles,RP
183,CENTRE RÉCRÉATIF RIVIÈRE-DES-PRAIRIES,Rivière-des-Prairies,123,Rivière-des-Prairies-Pointe-aux-Trembles,RP
184,CENTRE SALÉSIEN DES JEUNES,Rivière-des-Prairies,123,Rivière-des-Prairies-Pointe-aux-Trembles,RP
185,CENTRE DU PLATEAU,De Lorimier,112,Le Plateau-Mont-Royal,PM
186,ÉCOLE LAURENTIDE,Côte-de-Liesse,141,Saint-Laurent,LR
187,ÉCOLE SAINT-GERMAIN,Côte-de-Liesse,141,Saint-Laurent,LR
188,ÉCOLE GARDENVIEW,Côte-de-Liesse,141,Saint-Laurent,LR
189,LAURENHILL JUNIOR CAMPUS,Côte-de-Liesse,141,Saint-Laurent,LR
190,RÉSIDENCE ALEXIS-NIHON,Côte-de-Liesse,141,Saint-Laurent,LR
191,ÉCOLE LAURENHILL,Côte-de-Liesse,141,Saint-Laurent,LR
192,COMPLEXE SPORTIF SAINT-LAURENT,Côte-de-Liesse,141,Saint-Laurent,LR
193,SALLE DE RÉCEPTION LE CRYSTAL,Côte-de-Liesse,141,Saint-Laurent,LR
194,ÉCOLE ENFANTS-DU-MONDE,Côte-de-Liesse,141,Saint-Laurent,LR
195,ÉCOLE BEAUSÉJOUR-ÉDIFICE NORD,Côte-de-Liesse,141,Saint-Laurent,LR
196,MANOIR DE CASSON,Norman-McLaren,142,Saint-Laurent,LR
197,ARMENIAN TEKEYAN CULTURAL ASSOCIATION,Norman-McLaren,142,Saint-Laurent,LR
198,COMMISSION SCOLAIRE MARGUERITE-BOURGEOYS,Norman-McLaren,142,Saint-Laurent,LR
199,MANOIR SAINT-LAURENT (LES RÉSIDENCES SOLEIL),Norman-McLaren,142,Saint-Laurent,LR
200,ÉCOLE HENRI-BEAULIEU - RUE CHAMERAN,Norman-McLaren,142,Saint-Laurent,LR
201,ÉCOLE HENRI-BEAULIEU - RUE BLEIGINIER,Norman-McLaren,142,Saint-Laurent,LR
202,CENTRE D'HÉBERGEMENT DE SAINT-LAURENT,Norman-McLaren,142,Saint-Laurent,LR
203,PLACE ST.MORITZ,Norman-McLaren,142,Saint-Laurent,LR
204,ÉCOLE JEAN-GROU - SLR,Norman-McLaren,142,Saint-Laurent,LR
205,ÉCOLE BOIS-FRANC - AQUARELLE,Norman-McLaren,142,Saint-Laurent,LR
206,ÉCOLE PARKDALE,Norman-McLaren,142,Saint-Laurent,LR
207,CENTRE DES LOISIRS DE SAINT-LAURENT,Norman-McLaren,142,Saint-Laurent,LR
208,LES JARDINS DE L'AUBADE,Saint-Léonard-Est,151,Saint-Léonard,LN
209,RÉSIDENCE GÉRARD-POITRAS,Saint-Léonard-Est,151,Saint-Léonard,LN
210,ÉCOLE GABRIELLE-ROY,Saint-Léonard-Est,151,Saint-Léonard,LN
211,CENTRE SPÉCIALISÉ LE FAR (PAVILLON FERLAND),Saint-Léonard-Est,151,Saint-Léonard,LN
212,ÉCOLE WILFRID-BASTIEN,Saint-Léonard-Est,151,Saint-Léonard,LN
213,RÉSIDENCE ÉMILIEN GAGNON,Saint-Léonard-Est,151,Saint-Léonard,LN
214,ÉCOLE HONORÉ-MERCIER - SAINT-LÉONARD,Saint-Léonard-Est,151,Saint-Léonard,LN
215,MANOIR SAINT-LÉONARD (LES RÉSIDENCES SOLEIL),Saint-Léonard-Est,151,Saint-Léonard,LN
216,ÉGLISE DE LA MADONE DU MONT CARMEL,Saint-Léonard-Est,151,Saint-Léonard,LN
217,ÉCOLE DANTE,Saint-Léonard-Est,151,Saint-Léonard,LN
218,ÉCOLE LAMBERT-CLOSSE - SLN,Saint-Léonard-Est,151,Saint-Léonard,LN
219,ÉCOLE LA DAUVERSIÈRE,Saint-Léonard-Ouest,152,Saint-Léonard,LN
220,ÉCOLE LAURIER MACDONALD,Saint-Léonard-Ouest,152,Saint-Léonard,LN
222,RÉSIDENCE LE 22,Saint-Léonard-Ouest,152,Saint-Léonard,LN
223,RÉSIDENCE SAINT-LÉONARD SUR LE PARC,Saint-Léonard-Ouest,152,Saint-Léonard,LN
224,ÉCOLE ALPHONSE-PESANT,Saint-Léonard-Ouest,152,Saint-Léonard,LN
225,PIERRE-DE-COUBERTIN - SLN,Saint-Léonard-Ouest,152,Saint-Léonard,LN
226,ÉCOLE JOHN PAUL I,Saint-Léonard-Ouest,152,Saint-Léonard,LN
227,ÉCOLE PIE XII,Saint-Léonard-Ouest,152,Saint-Léonard,LN
228,ÉCOLE VICTOR-LAVIGNE,Saint-Léonard-Ouest,152,Saint-Léonard,LN
229,LES SOEURS DE SAINTE-ANNE,J.-Émery-Provost,42,Lachine,LC
230,ÉCOLE SAINT-HENRI,Saint-Henri-Est-Petite-Bourgogne–Pointe-Saint-Charles–Griffi,161,Le Sud-Ouest,SO
231,CRCS SAINT-ZOTIQUE,Saint-Henri-Est-Petite-Bourgogne–Pointe-Saint-Charles–Griffi,161,Le Sud-Ouest,SO
232,ÉCOLE VICTOR-ROUSSELOT,Saint-Henri-Est-Petite-Bourgogne–Pointe-Saint-Charles–Griffi,161,Le Sud-Ouest,SO
233,FOYER HONGROIS INC.,Saint-Henri-Est-Petite-Bourgogne–Pointe-Saint-Charles–Griffi,161,Le Sud-Ouest,SO
234,C.É.D.A.,Saint-Henri-Est-Petite-Bourgogne–Pointe-Saint-Charles–Griffi,161,Le Sud-Ouest,SO
235,CENTRE SPORTIF DE LA PETITE BOURGOGNE,Saint-Henri-Est-Petite-Bourgogne–Pointe-Saint-Charles–Griffi,161,Le Sud-Ouest,SO
236,ÉCOLE DE TECHNOLOGIE SUPÉRIEURE PAVILLON A,Saint-Henri-Est-Petite-Bourgogne–Pointe-Saint-Charles–Griffi,161,Le Sud-Ouest,SO
237,HABITATION CHARLEVOIX,Saint-Henri-Est-Petite-Bourgogne–Pointe-Saint-Charles–Griffi,161,Le Sud-Ouest,SO
238,ÉGLISE SAINT-CHARLES,Saint-Henri-Est-Petite-Bourgogne–Pointe-Saint-Charles–Griffi,161,Le Sud-Ouest,SO
239,CENTRE D'HÉBERGEMENT LOUIS-RIEL,Saint-Henri-Est-Petite-Bourgogne–Pointe-Saint-Charles–Griffi,161,Le Sud-Ouest,SO
240,CENTRE SAINT-CHARLES,Saint-Henri-Est-Petite-Bourgogne–Pointe-Saint-Charles–Griffi,161,Le Sud-Ouest,SO
241,ÉCOLE JEANNE-LEBER,Saint-Henri-Est-Petite-Bourgogne–Pointe-Saint-Charles–Griffi,161,Le Sud-Ouest,SO
242,ÉCOLE ST.GABRIEL,Saint-Henri-Est-Petite-Bourgogne–Pointe-Saint-Charles–Griffi,161,Le Sud-Ouest,SO
243,CENTRE D'HÉBERGEMENT DE SAINT-HENRI,Saint-Paul-Émard,162,Le Sud-Ouest,SO
244,RÉSIDENCE CÔTE SAINT-PAUL,Saint-Paul-Émard,162,Le Sud-Ouest,SO
245,MISSION BON ACCUEIL,Saint-Paul-Émard,162,Le Sud-Ouest,SO
246,ÉCOLE SAINT-ZOTIQUE,Saint-Paul-Émard,162,Le Sud-Ouest,SO
247,CENTRE DE LOISIRS MONSEIGNEUR PIGEON,Saint-Paul-Émard,162,Le Sud-Ouest,SO
248,RÉSIDENCE HOLY CROSS,Saint-Paul-Émard,162,Le Sud-Ouest,SO
249,RÉSIDENCE DE LÉVIS,Saint-Paul-Émard,162,Le Sud-Ouest,SO
250,ÉCOLE NOTRE-DAME-DU-PERPÉTUEL-SECOURS,Saint-Paul-Émard,162,Le Sud-Ouest,SO
251,CENTRE D'HÉBERGEMENT YVON BRUNET,Saint-Paul-Émard,162,Le Sud-Ouest,SO
252,L'ARCHE DE MONTRÉAL,Saint-Paul-Émard,162,Le Sud-Ouest,SO
253,HABITATION ANGRIGNON II,Saint-Paul-Émard,162,Le Sud-Ouest,SO
254,ÉGLISE SAINT-JEAN-DE-MATHA,Saint-Paul-Émard,162,Le Sud-Ouest,SO
255,ÉCOLE COEUR-IMMACULÉE-DE-MARIE,Saint-Paul-Émard,162,Le Sud-Ouest,SO
256,ÉCOLE HONORÉ-MERCIER,Saint-Paul-Émard,162,Le Sud-Ouest,SO
257,ÉCOLE SAINT-ANTOINE-MARIE-CLARET,Sault-au-Récollet,11,Ahuntsic-Cartierville,AC
258,ÉCOLE ATELIER,Sault-au-Récollet,11,Ahuntsic-Cartierville,AC
259,ÉCOLE LA VISITATION,Sault-au-Récollet,11,Ahuntsic-Cartierville,AC
260,ÉCOLE SAINTS-MARTYRS-CANADIENS,Sault-au-Récollet,11,Ahuntsic-Cartierville,AC
261,CENTRE D'HÉBERGEMENT LAURENDEAU,Sault-au-Récollet,11,Ahuntsic-Cartierville,AC
262,RÉSIDENCE BERTHIAUME-DU TREMBLAY,Sault-au-Récollet,11,Ahuntsic-Cartierville,AC
263,COLLÈGE MONT-SAINT-LOUIS,Sault-au-Récollet,11,Ahuntsic-Cartierville,AC
264,ÉCOLE SOPHIE-BARAT,Sault-au-Récollet,11,Ahuntsic-Cartierville,AC
265,ÉCOLE LOUIS-COLIN,Sault-au-Récollet,11,Ahuntsic-Cartierville,AC
266,ÉCOLE ST. PIUS X,Sault-au-Récollet,11,Ahuntsic-Cartierville,AC
276,LES JARDINS MILLEN,Ahuntsic,13,Ahuntsic-Cartierville,AC
277,"ÉCOLE FERNAND-SÉGUIN, PAVILLON HUBERT-REEVES",Ahuntsic,13,Ahuntsic-Cartierville,AC
278,ÉCOLE AHUNTSIC,Ahuntsic,13,Ahuntsic-Cartierville,AC
279,ÉCOLE MARIE-ANNE,Ahuntsic,13,Ahuntsic-Cartierville,AC
280,ÉCOLE SAINT-BENOÎT,Ahuntsic,13,Ahuntsic-Cartierville,AC
281,ÉCOLE SAINT-ANDRÉ-APÔTRE,Ahuntsic,13,Ahuntsic-Cartierville,AC
282,CHSLD NOTRE-DAME-DE-LA-MERCI,Ahuntsic,13,Ahuntsic-Cartierville,AC
283,MANOIR BOIS-DE-BOULOGNE,Ahuntsic,13,Ahuntsic-Cartierville,AC
284,École François-de-Laval,Ahuntsic,13,Ahuntsic-Cartierville,AC
285,ÉCOLE ÉVANGÉLINE,Ahuntsic,13,Ahuntsic-Cartierville,AC
287,CENTRE COMMUNAUTAIRE BOIS-DE-BOULOGNE,Saint-Sulpice,12,Ahuntsic-Cartierville,AC
288,ÉCOLE SAINT-SIMON-APÔTRE,Saint-Sulpice,12,Ahuntsic-Cartierville,AC
289,CENTRE D'HÉBERGEMENT DE LOUVAIN,Saint-Sulpice,12,Ahuntsic-Cartierville,AC
290,HABITATION CRÉMAZIE,Saint-Sulpice,12,Ahuntsic-Cartierville,AC
291,CENTRE HENRI-JULIEN,Saint-Sulpice,12,Ahuntsic-Cartierville,AC
293,COLLÈGE ANDRÉ-GRASSET,Saint-Sulpice,12,Ahuntsic-Cartierville,AC
294,COLLÈGE AHUNTSIC (CEGEP),Saint-Sulpice,12,Ahuntsic-Cartierville,AC
295,CENTRE D'HÉBERGEMENT LÉGARÉ,Saint-Sulpice,12,Ahuntsic-Cartierville,AC
296,ÉCOLE SAINT-ISAAC-JOGUES,Saint-Sulpice,12,Ahuntsic-Cartierville,AC
298,ÉCOLE GILLES-VIGNEAULT,Bordeaux-Cartierville,14,Ahuntsic-Cartierville,AC
299,ÉCOLE LA DAUVERSIÈRE - BORDEAUX,Bordeaux-Cartierville,14,Ahuntsic-Cartierville,AC
300,ÉCOLE SAINTE-ODILE,Bordeaux-Cartierville,14,Ahuntsic-Cartierville,AC
301,ÉCOLE ALICE-PARIZEAU,Bordeaux-Cartierville,14,Ahuntsic-Cartierville,AC
302,LES YMCA DU QUÉBEC (CARTIERVILLE),Bordeaux-Cartierville,14,Ahuntsic-Cartierville,AC
303,Centre d'hébergement de Cartierville,Bordeaux-Cartierville,14,Ahuntsic-Cartierville,AC
304,MANOIR GOUIN,Bordeaux-Cartierville,14,Ahuntsic-Cartierville,AC
305,ÉGLISE NOTRE-DAME-DES-ANGES,Bordeaux-Cartierville,14,Ahuntsic-Cartierville,AC
306,COLLÈGE SAINTE-MARCELLINE,Bordeaux-Cartierville,14,Ahuntsic-Cartierville,AC
307,LE BOULEVARD,Darlington,31,Côte-des-Neiges-Notre-Dame-de-Grâce,CN
308,HABITATION GOYER,Darlington,31,Côte-des-Neiges-Notre-Dame-de-Grâce,CN
309,BETH JACOB TEACHERS COLLEGE,Darlington,31,Côte-des-Neiges-Notre-Dame-de-Grâce,CN
310,INSTITUT DE RÉADAPTATION DE MONTRÉAL,Darlington,31,Côte-des-Neiges-Notre-Dame-de-Grâce,CN
311,ÉCOLE BEDFORD,Darlington,31,Côte-des-Neiges-Notre-Dame-de-Grâce,CN
312,RÉSIDENCE MARIA-GORETTI,Darlington,31,Côte-des-Neiges-Notre-Dame-de-Grâce,CN
313,CHSLD JUIF DE MONTRÉAL (PAVILLON KASTNER),Darlington,31,Côte-des-Neiges-Notre-Dame-de-Grâce,CN
314,ÉCOLE SAINT-PASCAL-BAYLON,Darlington,31,Côte-des-Neiges-Notre-Dame-de-Grâce,CN
315,ÉCOLE LA VOIE,Darlington,31,Côte-des-Neiges-Notre-Dame-de-Grâce,CN
316,COMMUNAUTÉ HELLÉNIQUE DE MONTRÉAL,Côte-des-Neiges,32,Côte-des-Neiges-Notre-Dame-de-Grâce,CN
317,COLLÈGE JEAN-DE-BRÉBEUF (PAVILLON JEAN-COUTU),Côte-des-Neiges,32,Côte-des-Neiges-Notre-Dame-de-Grâce,CN
318,"LE ROCKHILL, TOUR B",Côte-des-Neiges,32,Côte-des-Neiges-Notre-Dame-de-Grâce,CN
319,COLLÈGE NOTRE-DAME (PAVILLON LEFEBVRE) - ROCAILLE,Côte-des-Neiges,32,Côte-des-Neiges-Notre-Dame-de-Grâce,CN
320,COLLÈGE NOTRE-DAME - PAVILLON LEFEBVRE - GYMNASE,Côte-des-Neiges,32,Côte-des-Neiges-Notre-Dame-de-Grâce,CN
321,CEGEP MARIE-VICTORIN ( PAVILLON NAMUR),Snowdon,33,Côte-des-Neiges-Notre-Dame-de-Grâce,CN
322,CALDWELL RESIDENCES - POLLACK,Snowdon,33,Côte-des-Neiges-Notre-Dame-de-Grâce,CN
323,ÉGLISE SAINT-ANTONIN,Snowdon,33,Côte-des-Neiges-Notre-Dame-de-Grâce,CN
324,HABITATIONS PLACE LUCY,Snowdon,33,Côte-des-Neiges-Notre-Dame-de-Grâce,CN
325,RÉSIDENCE LE BOULEVARD,Snowdon,33,Côte-des-Neiges-Notre-Dame-de-Grâce,CN
326,ÉCOLE DES CINQ-CONTINENTS (PAVILLON DUPUIS),Snowdon,33,Côte-des-Neiges-Notre-Dame-de-Grâce,CN
327,ÉCOLE CORONATION,Snowdon,33,Côte-des-Neiges-Notre-Dame-de-Grâce,CN
328,SPANISH AND PORTUGUESE SYNAGOGUE,Snowdon,33,Côte-des-Neiges-Notre-Dame-de-Grâce,CN
329,ÉCOLE MARYMOUNT,Snowdon,33,Côte-des-Neiges-Notre-Dame-de-Grâce,CN
330,CENTRE LE MANOIR,Notre-Dame-de-Grâce,34,Côte-des-Neiges-Notre-Dame-de-Grâce,CN
331,CENTRE MAB - MACKAY,Notre-Dame-de-Grâce,34,Côte-des-Neiges-Notre-Dame-de-Grâce,CN
333,CENTRE SAINT-RAYMOND,Notre-Dame-de-Grâce,34,Côte-des-Neiges-Notre-Dame-de-Grâce,CN
334,ÉCOLE ROYAL VALE,Notre-Dame-de-Grâce,34,Côte-des-Neiges-Notre-Dame-de-Grâce,CN
335,RÉSIDENCE VISTA,Notre-Dame-de-Grâce,34,Côte-des-Neiges-Notre-Dame-de-Grâce,CN
336,HABITATION NOTRE-DAME-DE-GRÂCE,Notre-Dame-de-Grâce,34,Côte-des-Neiges-Notre-Dame-de-Grâce,CN
337,LOWER CANADA COLLEGE,Notre-Dame-de-Grâce,34,Côte-des-Neiges-Notre-Dame-de-Grâce,CN
338,WESLEY UNITED CHURCH,Notre-Dame-de-Grâce,34,Côte-des-Neiges-Notre-Dame-de-Grâce,CN
339,ST. ANSGAR LUTHERAN CHURCH (HORS DISTRICT),Notre-Dame-de-Grâce,34,Côte-des-Neiges-Notre-Dame-de-Grâce,CN
340,ÉCOLE IRÉNÉE-LUSSIER ANNEXE,Tétreaultville,71,Mercier-Hochelaga-Maisonneuve,MH
341,ÉCOLE LOUISE-TRICHET,Tétreaultville,71,Mercier-Hochelaga-Maisonneuve,MH
342,RÉSIDENCE HECTOR-VINET,Tétreaultville,71,Mercier-Hochelaga-Maisonneuve,MH
343,ÉCOLE PHILIPPE-LABARRE,Tétreaultville,71,Mercier-Hochelaga-Maisonneuve,MH
344,LES TOITS DE MERCIER VOLET 2,Tétreaultville,71,Mercier-Hochelaga-Maisonneuve,MH
345,ÉCOLE LA VÉRENDRYE,Tétreaultville,71,Mercier-Hochelaga-Maisonneuve,MH
346,HABITATION PIERRE-BERNARD,Tétreaultville,71,Mercier-Hochelaga-Maisonneuve,MH
347,ÉCOLE SAINT-JUSTIN,Tétreaultville,71,Mercier-Hochelaga-Maisonneuve,MH
348,MANOIR CLAUDETTE-BARRÉ,Tétreaultville,71,Mercier-Hochelaga-Maisonneuve,MH
349,ÉCOLE SECONDAIRE D'ANJOU (HORS DISTRICT),Tétreaultville,71,Mercier-Hochelaga-Maisonneuve,MH
350,LE SYMBIOSE,Maisonneuve-Longue-Pointe,72,Mercier-Hochelaga-Maisonneuve,MH
351,ÉCOLE EDWARD MURPHY,Maisonneuve-Longue-Pointe,72,Mercier-Hochelaga-Maisonneuve,MH
352,HABITATION HONORÉ-BEAUGRAND,Maisonneuve-Longue-Pointe,72,Mercier-Hochelaga-Maisonneuve,MH
353,ÉCOLE SAINTE-LOUISE-DE-MARILLAC,Maisonneuve-Longue-Pointe,72,Mercier-Hochelaga-Maisonneuve,MH
354,ÉGLISE SAINT-FRANÇOIS D'ASSISE,Maisonneuve-Longue-Pointe,72,Mercier-Hochelaga-Maisonneuve,MH
355,CENTRE DE FORMATION - SERVICE DE LA PRÉVENTION DES INCENDIES DE MONTRÉAL,Maisonneuve-Longue-Pointe,72,Mercier-Hochelaga-Maisonneuve,MH
356,ÉCOLE GUYBOURG,Maisonneuve-Longue-Pointe,72,Mercier-Hochelaga-Maisonneuve,MH
357,ÉGLISE NOTRE-DAME-DES-VICTOIRES (HORS DISTRICT),Maisonneuve-Longue-Pointe,72,Mercier-Hochelaga-Maisonneuve,MH
358,HABITATION PIERRE-DE-COUBERTIN,Maisonneuve-Longue-Pointe,72,Mercier-Hochelaga-Maisonneuve,MH
359,HABITATION VIAUVILLE,Maisonneuve-Longue-Pointe,72,Mercier-Hochelaga-Maisonneuve,MH
360,ÉCOLE SAINT-CLÉMENT,Maisonneuve-Longue-Pointe,72,Mercier-Hochelaga-Maisonneuve,MH
361,CAP SAINT-BARNABÉ,Maisonneuve-Longue-Pointe,72,Mercier-Hochelaga-Maisonneuve,MH
362,HABITATION PIE-IX,Hochelaga,73,Mercier-Hochelaga-Maisonneuve,MH
363,HABITATION ADELARD-LANGEVIN,Hochelaga,73,Mercier-Hochelaga-Maisonneuve,MH
364,ÉCOLE CHOMEDEY-DE MAISONNEUVE,Hochelaga,73,Mercier-Hochelaga-Maisonneuve,MH
365,ÉCOLE SAINT-JEAN-BAPTISTE-DE-LA-SALLE,Hochelaga,73,Mercier-Hochelaga-Maisonneuve,MH
366,ÉCOLE NOTRE-DAME-DE-L'ASSOMPTION,Hochelaga,73,Mercier-Hochelaga-Maisonneuve,MH
367,CEGEP DE MAISONNEUVE,Hochelaga,73,Mercier-Hochelaga-Maisonneuve,MH
368,ÉCOLE BARIL,Hochelaga,73,Mercier-Hochelaga-Maisonneuve,MH
369,CHIC RESTO POP,Hochelaga,73,Mercier-Hochelaga-Maisonneuve,MH
370,HABITATION DUQUESNE,Louis-Riel,74,Mercier-Hochelaga-Maisonneuve,MH
371,ÉCOLE GUILLAUME-COUTURE,Louis-Riel,74,Mercier-Hochelaga-Maisonneuve,MH
372,ÉCOLE LOUIS-RIEL,Louis-Riel,74,Mercier-Hochelaga-Maisonneuve,MH
373,ÉCOLE SAINT-FABIEN,Louis-Riel,74,Mercier-Hochelaga-Maisonneuve,MH
374,SANCTUAIRE MARIE-REINE-DES-CŒURS,Louis-Riel,74,Mercier-Hochelaga-Maisonneuve,MH
375,ÉLOGIA,Louis-Riel,74,Mercier-Hochelaga-Maisonneuve,MH
376,LUX GOUVERNEUR,Louis-Riel,74,Mercier-Hochelaga-Maisonneuve,MH
377,ÉCOLE NOTRE-DAME-DES-VICTOIRES,Louis-Riel,74,Mercier-Hochelaga-Maisonneuve,MH
378,ÉGLISE SAINT-DONAT,Louis-Riel,74,Mercier-Hochelaga-Maisonneuve,MH
379,ÉCOLE SAINT-DONAT,Louis-Riel,74,Mercier-Hochelaga-Maisonneuve,MH
380,RÉSIDENCE SAINT-ANDREW,Loyola,35,Côte-des-Neiges-Notre-Dame-de-Grâce,CN
381,HABITATION MAYFAIR,Loyola,35,Côte-des-Neiges-Notre-Dame-de-Grâce,CN
382,LES IMMEUBLES BENNY FARM,Loyola,35,Côte-des-Neiges-Notre-Dame-de-Grâce,CN
383,CENTRE DE RÉADAPTATION MAB - CENTRE D'HÉBERGEMENT GILMAN 2,Loyola,35,Côte-des-Neiges-Notre-Dame-de-Grâce,CN
384,ÉCOLE LES ENFANTS DU MONDE,Loyola,35,Côte-des-Neiges-Notre-Dame-de-Grâce,CN
385,ÉCOLE SAINT-LUC,Loyola,35,Côte-des-Neiges-Notre-Dame-de-Grâce,CN
386,ÉCOLE FOCUS OUTREACH - ST. IGNATIUS DE LOYOLA,Loyola,35,Côte-des-Neiges-Notre-Dame-de-Grâce,CN
387,ÉCOLE ST. MONICA,Loyola,35,Côte-des-Neiges-Notre-Dame-de-Grâce,CN
389,CENTRE TRENHOLME,Loyola,35,Côte-des-Neiges-Notre-Dame-de-Grâce,CN
390,ÉCOLE LA PETITE-PATRIE - PAVILLON SAINT-JEAN-DE-LA-CROIX,Saint-Édouard,131,Rosemont-La Petite-Patrie,RO
391,ÉCOLE LA PETITE-PATRIE PAVILLON NOTRE-DAME-DE-LA-DÉFENSE,Saint-Édouard,131,Rosemont-La Petite-Patrie,RO
392,HABITATION BEAUBIEN,Saint-Édouard,131,Rosemont-La Petite-Patrie,RO
393,HABITATION LA MENNAIS,Saint-Édouard,131,Rosemont-La Petite-Patrie,RO
394,HABITATION SAINT-VALLIER,Saint-Édouard,131,Rosemont-La Petite-Patrie,RO
395,ÉCOLE LA MENNAIS,Saint-Édouard,131,Rosemont-La Petite-Patrie,RO
397,ÉCOLE SAINT-ARSÈNE,Saint-Édouard,131,Rosemont-La Petite-Patrie,RO
398,HABITATION CHRISTOPHE-COLOMB,Saint-Édouard,131,Rosemont-La Petite-Patrie,RO
399,ÉGLISE SAINT-AMBROISE,Saint-Édouard,131,Rosemont-La Petite-Patrie,RO
400,ÉCOLE SAINT-AMBROISE,Saint-Édouard,131,Rosemont-La Petite-Patrie,RO
401,ÉCOLE PÈRE-MARQUETTE,Saint-Édouard,131,Rosemont-La Petite-Patrie,RO
402,ÉCOLE PIERRE ELLIOT TRUDEAU,Étienne-Desmarteau,132,Rosemont-La Petite-Patrie,RO
403,ÉCOLE SAINTE-ANNE,Étienne-Desmarteau,132,Rosemont-La Petite-Patrie,RO
404,CENTRE MARIE-MÉDIATRICE,Étienne-Desmarteau,132,Rosemont-La Petite-Patrie,RO
405,ÉCOLE MADELEINE-DE-VERCHÈRES,Étienne-Desmarteau,132,Rosemont-La Petite-Patrie,RO
406,ÉCOLE CHARLES-BRUNEAU,Étienne-Desmarteau,132,Rosemont-La Petite-Patrie,RO
407,HABITATION J.-ERNEST-PAQUIN,Étienne-Desmarteau,132,Rosemont-La Petite-Patrie,RO
408,COLLÈGE DE ROSEMONT (CEGEP),Étienne-Desmarteau,132,Rosemont-La Petite-Patrie,RO
409,ÉCOLE SANS FRONTIÈRES,Étienne-Desmarteau,132,Rosemont-La Petite-Patrie,RO
410,CENTRE L'ENTRE-GENS,Vieux-Rosemont,133,Rosemont-La Petite-Patrie,RO
411,ÉCOLE SAINT-ALBERT-LE-GRAND,Vieux-Rosemont,133,Rosemont-La Petite-Patrie,RO
412,HABITATION DE CHAMBLY,Vieux-Rosemont,133,Rosemont-La Petite-Patrie,RO
413,RÉSIDENCE SAINT-ÉMILE,Vieux-Rosemont,133,Rosemont-La Petite-Patrie,RO
414,CENTRE MARCEL-LAPALME,Vieux-Rosemont,133,Rosemont-La Petite-Patrie,RO
415,CENTRE MASSON,Vieux-Rosemont,133,Rosemont-La Petite-Patrie,RO
416,ÉCOLE SAINT-JEAN-DE-BRÉBEUF,Vieux-Rosemont,133,Rosemont-La Petite-Patrie,RO
417,RÉSIDENCE OLIVAR-ASSELIN,Vieux-Rosemont,133,Rosemont-La Petite-Patrie,RO
418,RÉSIDENCE RICHARD ANGUS (TOUR A),Vieux-Rosemont,133,Rosemont-La Petite-Patrie,RO
420,LES APPARTEMENTS DU SQUARE ANGUS,Vieux-Rosemont,133,Rosemont-La Petite-Patrie,RO
421,RÉSIDENCE RICHARD ANGUS (TOUR B),Vieux-Rosemont,133,Rosemont-La Petite-Patrie,RO
422,ÉCOLE SAINTE-BERNADETTE-SOUBIROUS,Marie-Victorin,134,Rosemont-La Petite-Patrie,RO
423,COLLÈGE DE ROSEMONT (CEGEP) (HORS DISTRICT),Marie-Victorin,134,Rosemont-La Petite-Patrie,RO
424,RÉSIDENCE DU JARDIN BOTANIQUE,Marie-Victorin,134,Rosemont-La Petite-Patrie,RO
425,ÉCOLE ROSEMONT ANNEXE  SAINT-JEAN-VIANNEY,Marie-Victorin,134,Rosemont-La Petite-Patrie,RO
426,CENTRE ALPHONSE-DESJARDINS,Marie-Victorin,134,Rosemont-La Petite-Patrie,RO
427,ÉCOLE ALPHONSE-DESJARDINS,Marie-Victorin,134,Rosemont-La Petite-Patrie,RO
428,CITÉ DES RETRAITÉS N.D.F. INC.,Marie-Victorin,134,Rosemont-La Petite-Patrie,RO
429,ÉCOLE NOTRE-DAME-DU-FOYER,Marie-Victorin,134,Rosemont-La Petite-Patrie,RO
430,VILLAGE OLYMPIQUE,Marie-Victorin,134,Rosemont-La Petite-Patrie,RO
431,ÉCOLE MARGUERITE-DE-LAJEMMERAIS,Marie-Victorin,134,Rosemont-La Petite-Patrie,RO
432,TRAFALGAR SCHOOL FOR GIRLS,Peter-McGill,181,Ville-Marie,VM
433,GRAND SÉMINAIRE DE MONTRÉAL,Peter-McGill,181,Ville-Marie,VM
434,MANOIR CHARLES-DUTAUD,Peter-McGill,181,Ville-Marie,VM
435,HABITATION DU FORT,Peter-McGill,181,Ville-Marie,VM
436,LASALLE INTERNATIONAL,Peter-McGill,181,Ville-Marie,VM
437,UNIVERSITÉ CONCORDIA - ÉDIFICE J.W. McCONNELL,Peter-McGill,181,Ville-Marie,VM
438,ÉCOLE DE TECHNOLOGIE SUPÉRIEURE (PAVILLON B),Peter-McGill,181,Ville-Marie,VM
439,HABITAT 67,Saint-Jacques,182,Ville-Marie,VM
440,ÉDIFICE LOUIS-CHARLAND,Saint-Jacques,182,Ville-Marie,VM
441,ÉDIFICE CHAUSSEGROS-DE-LÉRY,Saint-Jacques,182,Ville-Marie,VM
443,CENTRE COMMUNAUTAIRE LOISIRS SAINTE-CATHERINE D'ALEXANDRIE,Saint-Jacques,182,Ville-Marie,VM
444,CENTRE SAINT-PIERRE,Saint-Jacques,182,Ville-Marie,VM
445,HÔPITAL CHINOIS DE MONTRÉAL (1963),Saint-Jacques,182,Ville-Marie,VM
446,CENTRE D'HÉBERGEMENT DU CENTRE-VILLE DE MONTRÉAL,Saint-Jacques,182,Ville-Marie,VM
448,HOLIDAY INN MONTREAL CENTRE-VILLE,Saint-Jacques,182,Ville-Marie,VM
449,ASSOCIATION SPORTIVE ET COMMUNAUTAIRE DU CENTRE-SUD,Sainte-Marie,183,Ville-Marie,VM
450,TOURS FRONTENAC,Sainte-Marie,183,Ville-Marie,VM
451,CENTRE JEAN-CLAUDE-MALÉPART,Sainte-Marie,183,Ville-Marie,VM
452,ÉCOLE PIERRE-DUPUY,Sainte-Marie,183,Ville-Marie,VM
453,ÉCOLE GARNEAU,Sainte-Marie,183,Ville-Marie,VM
454,ÉCOLE CHAMPLAIN,Sainte-Marie,183,Ville-Marie,VM
455,HABITATION JEAN-VALETS,Parc-Extension,194,Villeray-Saint-Michel-Parc-Extension,VS
456,École Barclay,Parc-Extension,194,Villeray-Saint-Michel-Parc-Extension,VS
457,CENTRE WILLIAM HINGSTON - GYMNASE 1 ET 2,Parc-Extension,194,Villeray-Saint-Michel-Parc-Extension,VS
458,CENTRE WILLIAM HINGSTON - GYMNASE 3 ET 4,Parc-Extension,194,Villeray-Saint-Michel-Parc-Extension,VS
459,STADE DE TENNIS UNIPRIX,Parc-Extension,194,Villeray-Saint-Michel-Parc-Extension,VS
460,ÉCOLE LUCIEN-PAGÉ,Parc-Extension,194,Villeray-Saint-Michel-Parc-Extension,VS
461,CENTRE RENÉ-GOUPIL,Saint-Michel,191,Villeray-Saint-Michel-Parc-Extension,VS
462,ÉCOLE SAINT-NOËL-CHABANEL PAVILLON DES BÂTISSEURS,Saint-Michel,191,Villeray-Saint-Michel-Parc-Extension,VS
463,MAISON DES SOURDS,Saint-Michel,191,Villeray-Saint-Michel-Parc-Extension,VS
464,CARREFOUR POPULAIRE DE SAINT-MICHEL,Saint-Michel,191,Villeray-Saint-Michel-Parc-Extension,VS
465,HABITATION ANDRÉ-CORNEAU,Saint-Michel,191,Villeray-Saint-Michel-Parc-Extension,VS
466,HABITATION DES CARRIERS,Saint-Michel,191,Villeray-Saint-Michel-Parc-Extension,VS
467,ÉCOLE ST. DOROTHY,Saint-Michel,191,Villeray-Saint-Michel-Parc-Extension,VS
468,ÉCOLE MONTCALM,Saint-Michel,191,Villeray-Saint-Michel-Parc-Extension,VS
469,"ÉCOLE MARIE-RIVIER, PAVILLON LOUVAIN",Saint-Michel,191,Villeray-Saint-Michel-Parc-Extension,VS
470,HABITATION EMMAUS,Saint-Michel,191,Villeray-Saint-Michel-Parc-Extension,VS
471,ÉCOLE SAINTE-CÉCILE,Villeray,193,Villeray-Saint-Michel-Parc-Extension,VS
472,ÉCOLE HÉLÈNE-BOULLÉ,Villeray,193,Villeray-Saint-Michel-Parc-Extension,VS
473,CENTRE DE LOISIRS COMMUNAUTAIRES LAJEUNESSE,Villeray,193,Villeray-Saint-Michel-Parc-Extension,VS
474,ÉCOLE SAINT-GABRIEL-LALEMANT,Villeray,193,Villeray-Saint-Michel-Parc-Extension,VS
475,ÉCOLE JOSEPH-CHARBONNEAU,Villeray,193,Villeray-Saint-Michel-Parc-Extension,VS
476,ÉCOLE MARIE-FAVERY,Villeray,193,Villeray-Saint-Michel-Parc-Extension,VS
477,HABITATION HÉLÈNE-BOULLÉ,Villeray,193,Villeray-Saint-Michel-Parc-Extension,VS
478,ÉCOLE GADBOIS,Villeray,193,Villeray-Saint-Michel-Parc-Extension,VS
479,THÉATRE AUX ÉCURIES,François-Perrault,192,Villeray-Saint-Michel-Parc-Extension,VS
480,ÉCOLE SAINT-BARTHÉLÉMY PAVILLON SAGARD,François-Perrault,192,Villeray-Saint-Michel-Parc-Extension,VS
481,HABITATION GABRIEL-SAGARD,François-Perrault,192,Villeray-Saint-Michel-Parc-Extension,VS
482,ÉCOLE JOHN F. KENNEDY,François-Perrault,192,Villeray-Saint-Michel-Parc-Extension,VS
483,École Saint-Mathieu,François-Perrault,192,Villeray-Saint-Michel-Parc-Extension,VS
484,MAISON DU CITOYEN DE VILLERAY-ST-MICHEL-PARC-EXTEN,François-Perrault,192,Villeray-Saint-Michel-Parc-Extension,VS
485,ÉCOLE LÉONARD-DE VINCI ANNEXE,François-Perrault,192,Villeray-Saint-Michel-Parc-Extension,VS
486,CENTRE YVES-THÉRIAULT,François-Perrault,192,Villeray-Saint-Michel-Parc-Extension,VS
489,ROSEMONT LES QUARTIERS,Vieux-Rosemont,133,Rosemont-La Petite-Patrie,RO
490,CLSC DE ROSEMONT,Vieux-Rosemont,133,Rosemont-La Petite-Patrie,RO
491,RÉSIDENCE LE SAVIGNION,du Canal,41,Lachine,LC
492,LE 255,Villeray,193,Villeray-Saint-Michel-Parc-Extension,VS
442,CEGEP DU VIEUX-MONTRÉAL,Saint-Jacques,182,Ville-Marie,VM
447,CENTRE SPORTIF DE L'UQAM,Saint-Jacques,182,Ville-Marie,VM
493,EVOLO PHASE 2,Champlain-L'Île-des-Soeurs,171,Verdun,VD
494,ÉCOLE GÉNÉRAL VANIER,Saint-Léonard-Ouest,152,Saint-Léonard,LN
286,RESSOURCES HABITATION DE L'OUEST,Saint-Sulpice,12,Ahuntsic-Cartierville,AC
495,LE CHALLENGER,Côte-de-Liesse,141,Saint-Laurent,LR
496,ACCUEIL BONNEAU,Saint-Jacques,182,Ville-Marie,VM
497,PAVILLON MONTFORT,Rivière-des-Prairies,123,Rivière-des-Prairies-Pointe-aux-Trembles,RP
498,LE PÉLICAN,Vieux-Rosemont,133,Rosemont-La Petite-Patrie,RO
499,LASALLE COMMUNITY COMPREHENSIVE HIGH SCHOOL,Sault-Saint-Louis,51,LaSalle,LS
1,ÉCOLE JONATHAN-WILSON,Pierre-Foretier,61,L'Île-Bizard-Sainte-Geneviève,IS
3,CENTRE SOCIO-CULTUREL,Jacques-Bizard,63,L'Île-Bizard-Sainte-Geneviève,IS
