﻿NOM,NUMERO,TYPE,RECHERCHEPARC,Arrondis
"Baronnie, Parc de la,111,Parc,""Baronnie, Parc de la (VLO)"",Vieux-Longueuil"
"Gaétan-Baillargeon, Parc,5,Parc,""Gaétan-Baillargeon, Parc  (VLO)"",Vieux-Longueuil"
"Jubilee, Parc,304,Parc,""Jubilee, Parc (GPK)"",GPK"
"Laflamme, Parc,54,Parc,""Laflamme, Parc  (VLO)"",Vieux-Longueuil"
"Julien-Lord, Parc,51,Parc,""Julien-Lord, Parc  (VLO)"",Vieux-Longueuil"
"Geais-Bleus, Parc des,082,Parc,""Geais-Bleus, Parc des (VLO)"",Vieux-Longueuil"
"Pinsons, Parc des,83,Parc,""Pinsons, Parc des (VLO)"",Vieux-Longueuil"
"Maréchal, Parc,67,Parc,""Maréchal, Parc  (VLO)"",Vieux-Longueuil"
"Étienne-Truteau, Parc,103,Parc,""Étienne-Truteau, Parc (VLO)"",Vieux-Longueuil"
"Adrien-Gamache, Parc,1,Parc,""Adrien-Gamache, Parc  (VLO)"",Vieux-Longueuil"
"Gentilly Ouest, Parc,41,Parc,""Gentilly Ouest, Parc  (VLO)"",Vieux-Longueuil"
"Bédard, Parc,10,Parc,""Bédard, Parc  (VLO)"",Vieux-Longueuil"
"Châtelet, Parc,26,Parc,""Châtelet, Parc  (VLO)"",Vieux-Longueuil"
"Wilfrid-Tremblay, Parc,268,Parc,""Wilfrid-Tremblay, Parc  (STH)"",STH"
"Cité, Parc de la,213,Parc,""Cité, Parc de la (STH)"",STH"
"Monique-Gervais, Parc,242,Parc,""Monique-Gervais, Parc  (STH)"",STH"
"Merisiers, Parc des,239,Parc,""Merisiers, Parc des (STH)"",STH"
"Patenaude, Parc,248,Parc,""Patenaude, Parc  (STH)"",STH"
"Bariteau, Parc,117,Parc,""Bariteau, Parc  (VLO)"",Vieux-Longueuil"
"Empire, Parc,306,Parc,""Empire, Parc (GPK)"",GPK"
"Saint-Roch, Parc,95,Parc,""Saint-Roch, Parc  (VLO)"",Vieux-Longueuil"
"Marquette, Parc,68,Parc,""Marquette, Parc  (VLO)"",Vieux-Longueuil"
"Brébeuf, Parc-école,17,Parc,""Brébeuf, Parc-école  (VLO)"",Vieux-Longueuil"
"Carillon, Parc,21,Parc,""Carillon, Parc  (VLO)"",Vieux-Longueuil"
"Saint-Judes, Parc,309,Parc,""Saint-Judes, Parc  (GPK)"",GPK"
"Anastase-Forget, Parc,4,Parc,""Anastase-Forget, Parc  (VLO)"",Vieux-Longueuil"
"Tournesol, Parc,101,Parc,""Tournesol, Parc  (VLO)"",Vieux-Longueuil"
"Léo-Major, Parc,124,Parc,""Léo-Major, Parc (VLO)"",Vieux-Longueuil"
"Lyon, Parc de,64,Parc,""Lyon, Parc de  (VLO)"",Vieux-Longueuil"
"Drapeau, Parc,31,Parc,""Drapeau, Parc  (VLO)"",Vieux-Longueuil"
"Renne, Jardin du,88,Parc,""Renne, Jardin du  (VLO)"",Vieux-Longueuil"
"René-Veillet, Parc,308,Parc,""René-Veillet, Parc  (GPK)"",GPK"
"Louis-Brosseau, Parc,231,Parc,""Louis-Brosseau, Parc  (STH)"",STH"
"Soissons, Jardin,98,Parc,""Soissons, Jardin  (VLO)"",Vieux-Longueuil"
"Des Ormeaux, Parc,78,Parc,""Des Ormeaux, Parc  (VLO)"",Vieux-Longueuil"
"Belcourt, Parc,11,Parc,""Belcourt, Parc  (VLO)"",Vieux-Longueuil"
"Du Tremblay, Boisé,107,Parc,""Du Tremblay, Boisé (STH)"",STH"
"Bourgeoys, Parc,16,Parc,""Bourgeoys, Parc  (VLO)"",Vieux-Longueuil"
"Abénaquis, Parc des,2,Parc,""Abénaquis , Parc des (VLO)"",Vieux-Longueuil"
"Asselin, Parc,8,Parc,""Asselin, Parc  (VLO)"",Vieux-Longueuil"
"Canon, Parc,210,Parc,""Canon, Parc  (STH)"",STH"
"Doris-Lussier, Parc,122,Parc,""Doris-Lussier, Parc (VLO)"",Vieux-Longueuil"
"Amandiers, Parc des,202,Parc,""Amandiers, Parc des  (STH)"",STH"
"Soldat-Simon-Longtin, Parc du,274,Parc,""Soldat-Simon-Longtin, Parc du (STH)"",STH"
"Alain-Forget, Parc,266,Parc,""Alain-Forget, Parc  (STH)"",STH"
"Quévillon, Parc,254,Parc,""Quévillon, Parc (STH)"",STH"
"Catherine-Primot, Parc,93,Parc,""Catherine-Primot, Parc  (VLO)"",Vieux-Longueuil"
"Réal-Bouvier, Port de plaisance,110,Parc,""Réal-Bouvier, Port de plaisance (VLO)"",Vieux-Longueuil"
"Marie-Victorin, Parc,66,Parc,""Marie-Victorin, Parc  (VLO)"",Vieux-Longueuil"
"Normandie, Parc de,77,Parc,""Normandie, Parc de (VLO)"",Vieux-Longueuil"
"Pointe-du-Marigot, Parc,84,Parc,""Pointe-du-Marigot, Parc  (VLO)"",Vieux-Longueuil"
"Jacques-Rousseau, Parc-école,47,Parc,""Jacques-Rousseau, Parc-école  (VLO)"",Vieux-Longueuil"
"Bellerive, Parc,12,Parc,""Bellerive, Parc  (VLO)"",Vieux-Longueuil"
"Martinets, Parc des,70,Parc,""Martinets, Parc des (VLO)"",Vieux-Longueuil"
"Ulric-Brouillard, Parc,263,Parc,""Ulric-Brouillard, Parc  (STH)"",STH"
"Pierre-et-Bernard-Lucas, Parc,251,Parc,""Pierre-et-Bernard-Lucas, Parc  (STH)"",STH"
"Éperviers, Parc des,34,Parc,""Éperviers, Parc des  (VLO)"",Vieux-Longueuil"
"Hirondelles, Parc des,44,Parc,""Hirondelles, Parc des  (VLO)"",Vieux-Longueuil"
"Dubuisson, Parc,32,Parc,""Dubuisson, Parc  (VLO)"",Vieux-Longueuil"
"Léo-Ayotte, Parc,55,Parc,""Léo-Ayotte, Parc (VLO)"",Vieux-Longueuil"
"Gentilly Est, Parc,40,Parc,""Gentilly Est, Parc  (VLO)"",Vieux-Longueuil"
"Prunelliers, Parc des,115,Parc,""Prunelliers, Parc des (VLO)"",Vieux-Longueuil"
"Stellaires, Parc des,,Parc,""Stellaires, Parc des (VLO)"",Vieux-Longueuil"
"Cantin, Parc,20,Parc,""Cantin, Parc  (VLO)"",Vieux-Longueuil"
"Gerry-Boulet, Parc,121,Parc,""Gerry-Boulet, Parc (VLO)"",Vieux-Longueuil"
"Pierre-Gosselin, Parc,114,Parc,""Pierre-Gosselin, Parc (VLO)"",Vieux-Longueuil"
"Artistes, Parc des,902,Parc,""Artistes, Parc des (VLO)"",Vieux-Longueuil"
"Patriote-Joseph-Vincent, Parc du,275,Parc,""Patriote-Joseph-Vincent, Parc du (STH)"",STH"
"Mûriers, Parc des,244,Parc,""Mûriers, Parc des (STH)"",STH"
"Rosanne-Laflamme, Parc,259,Parc,""Rosanne-Laflamme, Parc  (STH)"",STH"
"Émiliana-Brosseau, Parc,734,Parc,""Émiliana-Brosseau, Parc (STH)"",STH"
"Carrefour, Parc du,282,Parc,""Carrefour, Parc du  (STH)"",STH"
"Carignan-Salières, Parc,272,Parc,""Carignan-Salières, Parc (STH)"",STH"
"La Fayette, Jardin,52,Parc,""La Fayette, Jardin  (VLO)"",Vieux-Longueuil"
"Raymond, Parc,87,Parc,""Raymond, Parc  (VLO)"",Vieux-Longueuil"
"Gardenville, Parc,39,Parc,""Gardenville, Parc  (VLO)"",Vieux-Longueuil"
"Fernand-Bouffard, Parc,36,Parc,""Fernand-Bouffard, Parc (VLO)"",Vieux-Longueuil"
"Marquis-de-Montcalm, Parc,69,Parc,""Marquis-de-Montcalm, Parc  (VLO)"",Vieux-Longueuil"
"Île-Charron, Parc de l',105,Parc,""Île-Charron, Parc de l' (VLO)"",Vieux-Longueuil"
"Watson, Parc,301,Parc,""Watson, Parc  (GPK)"",GPK"
"Fairfield, Parc-école,302,Parc,""Fairfield, Parc-école (GPK)"",GPK"
"Tourterelles, Parc des,102,Parc,""Tourterelles, Parc des (VLO)"",Vieux-Longueuil"
"Christ-Roi, Parc,28,Parc,""Christ-Roi, Parc  (VLO)"",Vieux-Longueuil"
"Rouillard, Jardin,91,Parc,""Rouillard, Jardin  (VLO)"",Vieux-Longueuil"
"Le Marquis, Parc,237,Parc,""Le Marquis, Parc  (STH)"",STH"
"Montmorency, Jardin,75,Parc,""Montmorency, Jardin  (VLO)"",Vieux-Longueuil"
"Arcand, Parc,6,Parc,""Arcand, Parc  (VLO)"",Vieux-Longueuil"
"Iellamo, Parc,303,Parc,""Iellamo, Parc  (GPK)"",GPK"
"Raymond-Brassard, Parc,255,Parc,""Raymond-Brassard, Parc  (STH)"",STH"
"Marie-Josée-Vandette, Parc,230,Parc,""Marie-Josée-Vandette, Parc  (STH)"",STH"
"Roméo-Vachon, Parc,204,Parc,""Roméo-Vachon, Parc  (STH)"",STH"
"Fonrouge, Parc,37,Parc,""Fonrouge, Parc (VLO)"",Vieux-Longueuil"
"Semis, Parc des,120,Parc,""Semis, Parc des (VLO)"",Vieux-Longueuil"
"Bourget, Parc,207,Parc,""Bourget, Parc  (STH)"",STH"
"Sorbiers, Parc des,267,Parc,""Sorbiers, Parc des (STH)"",STH"
"Raymond-Comeau, Parc,256,Parc,""Raymond-Comeau, Parc  (STH)"",STH"
"Campbell, Parc,209,Parc,""Campbell, Parc  (STH)"",STH"
"Sirois, Parc,262,Parc,""Sirois, Parc  (STH)"",STH"
"Moreau, Parc,243,Parc,""Moreau, Parc  (STH)"",STH"
"Davidson-Lavoie, Parc,218,Parc,""Davidson-Lavoie, Parc  (STH)"",STH"
"Lucien-Milette, Parc,233,Parc,""Lucien-Milette, Parc  (STH)"",STH"
"Pensées, Parc des,276,Parc,""Pensées, Parc des (STH)"",STH"
"Desaulniers, Jardin,109,Parc,""Desaulniers, Jardin  (VLO)"",Vieux-Longueuil"
"Jean-Pierre-Côté, Parc,104,Parc,""Jean-Pierre-Côté, Parc (VLO)"",Vieux-Longueuil"
"Newhaven, Parc,76,Parc,""Newhaven, Parc  (VLO)"",Vieux-Longueuil"
"Pierre-Beaudry, Parc,63,Parc,""Pierre-Beaudry, Parc  (VLO)"",Vieux-Longueuil"
"Champlain, Parc,23,Parc,""Champlain, Parc (VLO)"",Vieux-Longueuil"
"Michel-Chartrand, Parc,62,Parc,""Michel-Chartrand, Parc (VLO)"",Vieux-Longueuil"
"Thomas-Dubuc, Parc,100,Parc,""Thomas-Dubuc, Parc  (VLO)"",Vieux-Longueuil"
"Samuel-de-Champlain, Parc,,Parc,""Samuel-de-Champlain, Parc (VLO)"",Vieux-Longueuil"
"Gérard-Philipps, Parc,220,Parc,""Gérard-Philipps, Parc  (STH)"",STH"
"Roch-Sénéchal, Parc,258,Parc,""Roch-Sénéchal, Parc  (STH)"",STH"
"Armand-Bruno, Parc,203,Parc,""Armand-Bruno, Parc  (STH)"",STH"
"Perron, Parc,81,Parc,""Perron, Parc  (VLO)"",Vieux-Longueuil"
"Multi-Sports, Centre,116,Parc,""Multi-Sports, Centre  (VLO)"",Vieux-Longueuil"
"Roberval, Parc,89,Parc,""Roberval, Parc  (VLO)"",Vieux-Longueuil"
"Racine, Parc,86,Parc,""Racine, Parc  (VLO)"",Vieux-Longueuil"
"Lincourt, Parc,60,Parc,""Lincourt, Parc  (VLO)"",Vieux-Longueuil"
"Joseph-Paré, Parc,227,Parc,""Joseph-Paré, Parc  (STH)"",STH"
"Médicis, Jardin de,73,Parc,""Médicis, Jardin de  (VLO)"",Vieux-Longueuil"
"Paul-Berval, Parc,735,Parc,""Paul-Berval, Parc (VLO)"",Vieux-Longueuil"
"Jovette-Bernier, Parc,736,Parc,""Jovette-Bernier, Parc (VLO)"",Vieux-Longueuil"
"Murphy, Parc,245,Parc,""Murphy, Parc  (STH)"",STH"
"Terroir, Boisé du,270,Parc,""Terroir, Boisé du (STH)"",STH"
"Meunier, Parc,240,Parc,""Meunier, Parc (STH)"",STH"
"Des Pâquerettes, Parc,247,Parc,""Des Pâquerettes, Parc  (STH)"",STH"
"Bernard-Hubert, Parc,281,Parc,""Bernard-Hubert, Parc  (STH)"",STH"
"Vétérans, Parc des,264,Parc,""Vétérans, Parc des  (STH)"",STH"
"Pinard, Parc,253,Parc,""Pinard, Parc  (STH)"",STH"
"Pacific, Parc,246,Parc,""Pacific, Parc  (STH)"",STH"
"St. Mark, Parc,99,Parc,""St. Mark, Parc  (VLO)"",Vieux-Longueuil"
"Desmarteau, Parc,29,Parc,""Desmarteau, Parc  (VLO)"",Vieux-Longueuil"
"Armand-Racicot, Parc,7,Parc,""Armand-Racicot, Parc  (VLO)"",Vieux-Longueuil"
"Paul-Pratt, Parc,79,Parc,""Paul-Pratt, Parc  (VLO)"",Vieux-Longueuil"
"Georges-Touten, Parc,45,Parc,""Georges-Touten, Parc  (VLO)"",Vieux-Longueuil"
"Bellerive, Boisé,106,Parc,""Bellerive, Boisé  (VLO)"",Vieux-Longueuil"
"Église, Parc de l',33,Parc,""Église, Parc de l' (VLO)"",Vieux-Longueuil"
"Régent, Parc,307,Parc,""Régent, Parc  (GPK)"",GPK"
"Jules-Moulin, Parc,229,Parc,""Jules-Moulin, Parc  (STH)"",STH"
"Franchère, Parc,38,Parc,""Franchère, Parc  (VLO)"",Vieux-Longueuil"
"Fauvettes, Parc des,35,Parc,""Fauvettes, Parc des (VLO)"",Vieux-Longueuil"
"Jean-Louis, Parc,49,Parc,""Jean-Louis, Parc  (VLO)"",Vieux-Longueuil"
"Jean XXIII, Parc,224,Parc,""Jean XXIII, Parc  (STH)"",STH"
"Lionel-Groulx, Parc,61,Parc,""Lionel-Groulx, Parc  (VLO)"",Vieux-Longueuil"
"Portneuf, Parc,85,Parc,""Portneuf, Parc  (VLO)"",Vieux-Longueuil"
"Masson, Parc,71,Parc,""Masson, Parc  (VLO)"",Vieux-Longueuil"
"Sureaux, Parc des,30,Parc,""Sureaux, Parc des (VLO)"",Vieux-Longueuil"
"Daniel-Johnson, Parc,217,Parc,""Daniel-Johnson, Parc  (STH)"",STH"
"Légionnaires, Parc Commémoratif des,214,Parc,""Légionnaires, Parc Commémoratif des (STH)"",STH"
"Perras, Parc,250,Parc,""Perras, Parc  (STH)"",STH"
"Boismenu, Parc,15,Parc,""Boismenu, Parc  (VLO)"",Vieux-Longueuil"
"Spirées, Parc des,,Parc,""Spirées, Parc (VLO)"",Vieux-Longueuil"
"Monarques, Parc des,279,Parc,""Monarques, Parc des (STH)"",STH"
Parc à chiens,112,Parc,Parc à chiens (VLO),Vieux-Longueuil
"Boisvert, Parc,206,Parc,""Boisvert, Parc  (STH)"",STH"
"Saint-Nazaire, Parc,260,Parc,""Saint-Nazaire, Parc  (STH)"",STH"
"Albert-Beausoleil, Parc,201,Parc,""Albert-Beausoleil, Parc  (STH)"",STH"
"Henri-Cyr, Parc,269,Parc,""Henri-Cyr, Parc  (STH)"",STH"
"Flore, Parc de la,277,Parc,""Flore, Parc de la (STH)"",STH"
"Faubourg, Boisé du,280,Parc,""Faubourg, Boisé du (STH)"",STH"
"Gilles-Latulippe, Parc,74,Parc,""Gilles-Latulippe, Parc (VLO)"",Vieux-Longueuil"
"Georges-Dor, Parc,53,Parc,""Georges-Dor, Parc  (VLO)"",Vieux-Longueuil"
"Perrault, Parc,80,Parc,""Perrault, Parc  (VLO)"",Vieux-Longueuil"
"Roussillon, Parc,92,Parc,""Roussillon, Parc  (VLO)"",Vieux-Longueuil"
"Beauregard, Parc,9,Parc,""Beauregard, Parc  (VLO)"",Vieux-Longueuil"
"Gérard-Fillion, Parc-école,42,Parc,""Gérard-Filion, Parc-école  (VLO)"",Vieux-Longueuil"
"Lecavalier, Parc,59,Parc,""Lecavalier, Parc  (VLO)"",Vieux-Longueuil"
"Laviolette, Parc,57,Parc,""Laviolette, Parc  (VLO)"",Vieux-Longueuil"
"Charbonneau, Parc,25,Parc,""Charbonneau, Parc  (VLO)"",Vieux-Longueuil"
"Promenade René-Lévesque, Parc linéaire,125,Parc,""Promenade René-Lévesque, Parc linéaire (VLO)"",Vieux-Longueuil"
"Joseph-William-Gendron, Parc,228,Parc,""Joseph-William-Gendron, Parc  (STH)"",STH"
"Jacques-Cartier, Parc,46,Parc,""Jacques-Cartier, Parc  (VLO)"",Vieux-Longueuil"
"Laurier, Parc,56,Parc,""Laurier, Parc  (VLO)"",Vieux-Longueuil"
"Joseph-de-Sérigny, Parc,50,Parc,""Joseph-de-Sérigny, Parc  (VLO)"",Vieux-Longueuil"
"Paul-Provost, Parc,249,Parc,""Paul-Provost, Parc  (STH)"",STH"
"Lucien-Tapin, Parc,234,Parc,""Lucien-Tapin, Parc  (STH)"",STH"
"Central, Parc,108,Parc,""Central, Parc  (VLO)"",Vieux-Longueuil"
"Gray, Parc,43,Parc,""Gray, Parc  (VLO)"",Vieux-Longueuil"
"Cerf, Jardin du,27,Parc,""Cerf, Jardin du  (VLO)"",Vieux-Longueuil"
"Champvert, Parc,24,Parc,""Champvert, Parc  (VLO)"",Vieux-Longueuil"
"Beaujolais, Parc,14,Parc,""Beaujolais, Parc  (VLO)"",Vieux-Longueuil"
"Boisjoli, Parc,205,Parc,""Boisjoli, Parc  (STH)"",STH"
"Saint-Thomas-de-Villeneuve, Parc,261,Parc,""Saint-Thomas-de-Villeneuve, Parc  (STH)"",STH"
"Gérard-Carmel, Parc,219,Parc,""Gérard-Carmel, Parc  (STH)"",STH"
"Alakazou, Parc,200,Parc,""Alakazou, Parc  (STH)"",STH"
"R-100, Parc linéaire du,273,Parc,""R-100, Parc linéaire du (STH)"",STH"
"Arcand, Jardin,113,Parc,""Arcand, Jardin (VLO)"",Vieux-Longueuil"
"Denis-Vanier, Parc,126,Parc,""Denis-Vanier, Parc (VLO)"",Vieux-Longueuil"
"Pierre-Raza, Parc,737,Parc,""Pierre-Raza, Parc (VLO)"",Vieux-Longueuil"
"Robert-Dubois, Parc,257,Parc,""Robert-Dubois, Parc  (STH)"",STH"
"Glaïeuls, Parc des,221,Parc,""Glaïeuls, Parc des  (STH)"",STH"
"Mainville, Parc,235,Parc,""Mainville, Parc  (STH)"",STH"
"Marcel-Simard, Parc,236,Parc,""Marcel-Simard, Parc  (STH)"",STH"
"Joseph-Antonio-Mantha, Parc,226,Parc,""Joseph-Antonio-Mantha, Parc  (STH)"",STH"
"Génération, Parc,118,Parc,""Génération, Parc  (VLO)"",Vieux-Longueuil"
"Le Moyne, Parc,58,Parc,""Le Moyne, Parc  (VLO)"",Vieux-Longueuil"
"Isodore-Hurteau, Carré,119,Parc,""Isodore-Hurteau, Carré (VLO)"",Vieux-Longueuil"
"Jean-de-Lalande, Parc,48,Parc,""Jean-de-Lalande, Parc  (VLO)"",Vieux-Longueuil"
"Patriotes-1837-1838, Place des,127,Parc,""Patriotes-1837-1838, Place des (VLO)"",Vieux-Longueuil"
"Maple, Parc,65,Parc,""Maple, Parc  (VLO)"",Vieux-Longueuil"
"Adoncour, Parc,3,Parc,""Adoncour, Parc  (VLO)"",Vieux-Longueuil"
"D.E. Joyal, Parc,216,Parc,""D.E. Joyal, Parc  (STH)"",STH"
"Calixa-Lavallée, Parc,18,Parc,""Calixa-Lavallée, Parc  (VLO)"",Vieux-Longueuil"
"Colibris, Jardins des,22,Parc,""Colibris, Jardin des (VLO)"",Vieux-Longueuil"
"Arsène-Lafrance, Parc,3364,Parc,""Arsène-Lafrance, Parc (VLO)"",Vieux-Longueuil"
"Stephen-Olynyk, Parc,305,Parc,""Stephen-Olynyk, Parc  (GPK)"",GPK"
"Mgr.-A.-M.-Parent, Parc-école,241,Parc,""Mgr.-A.-M.-Parent, Parc-école  (STH)"",STH"
"Jean-Jacques-Bertrand, Parc,225,Parc,""Jean-Jacques-Bertrand, Parc  (STH)"",STH"
"Rolland, Parc,90,Parc,""Rolland, Parc  (VLO)"",Vieux-Longueuil"
"Mazenod, Parc,72,Parc,""Mazenod, Parc  (VLO)"",Vieux-Longueuil"
"Berthelet, Parc,13,Parc,""Berthelet, Parc  (VLO)"",Vieux-Longueuil"
"Capricorne, Parc,19,Parc,""Capricorne, Parc  (VLO)"",Vieux-Longueuil"
"Brodeur, Parc,208,Parc,""Brodeur, Parc  (STH)"",STH"
"Immaculée-Conception, Parc,223,Parc,""Immaculée-Conception, Parc  (STH)"",STH"
"Pierre-Laporte, Parc,252,Parc,""Pierre-Laporte, Parc  (STH)"",STH"
"Chamonix, Parc,211,Parc,""Chamonix, Parc  (STH)"",STH"
"Cherbourg, Parc,212,Parc,""Cherbourg, Parc  (STH)"",STH"
"Viger, Parc,265,Parc,""Viger, Parc  (STH)"",STH"
"Hector-Martin, Parc,222,Parc,""Hector-Martin, Parc  (STH)"",STH"
"Mégantic, Parc,238,Parc,""Mégantic, Parc  (STH)"",STH"
"Louis-Olivier-Taillon, Parc,232,Parc,""Louis-Olivier-Taillon, Parc  (STH)"",STH"
"Jean-Baptiste-Le Moyne-de-Bienville,Parc,283,Parc,""Jean-Baptiste-Le Moyne-de-Bienville, Parc  (STH)"",STH"
"Rémy-de-Courcelle, Boisé,271,Parc,""Rémy-de-Courcelle, Boisé (STH)"",STH"
